url,book,page,version
/,,,
/books/,,,
/books/book_of_remembrances/,,,
/about/,,,
/posts/,,,
/posts/blog/,,,
/posts/blog/2022-07-25-alice-thornton-middleham-castle/,,,
/edition/,,,
/entities/,,,
/entities/textsearch/,,,
/timeline/,,,
/edition/?p0.do={book}&p0.lo=p.{page}&p0.vi={version},book_of_remembrances,1,semidip|modern
/edition/?p0.do={book}&p0.lo=p.{page}&p0.vi={version},book_of_remembrances,3,semidip|modern
/edition/?p0.do={book}&p0.lo=p.{page}&p0.vi={version},book_of_remembrances,5,semidip|modern
/edition/?p0.do={book}&p0.lo=p.{page}&p0.vi={version},book_of_remembrances,7,semidip|modern
/edition/?p0.do={book}&p0.lo=p.{page}&p0.vi={version},book_of_remembrances,11,semidip|modern
/edition/?p0.do={book}&p0.lo=p.{page}&p0.vi={version},book_of_remembrances,12,semidip|modern
/edition/?p0.do={book}&p0.lo=p.{page}&p0.vi={version},book_of_remembrances,13,semidip|modern
/edition/?p0.do={book}&p0.lo=p.{page}&p0.vi={version},book_of_remembrances,17,semidip|modern
/edition/?p0.do={book}&p0.lo=p.{page}&p0.vi={version},book_of_remembrances,22,semidip|modern
/edition/?p0.do={book}&p0.lo=p.{page}&p0.vi={version},book_of_remembrances,32,semidip|modern
/edition/?p0.do={book}&p0.lo=p.{page}&p0.vi={version},book_of_remembrances,111,semidip|modern
/edition/?p0.do={book}&p0.lo=p.{page}&p0.vi={version},book_of_remembrances,122,semidip|modern
/edition/?p0.do={book}&p0.lo=p.{page}&p0.vi={version},book_of_remembrances,177,semidip|modern
/edition/?p0.do={book}&p0.lo=p.{page}&p0.vi={version},book_of_remembrances,178,semidip|modern
/edition/?p0.do={book}&p0.lo=p.{page}&p0.vi={version},book_one,1,semidip|modern
/edition/?p0.do={book}&p0.lo=p.{page}&p0.vi={version},book_one,4,semidip|modern
/edition/?p0.do={book}&p0.lo=p.{page}&p0.vi={version},book_one,8,semidip|modern
/edition/?p0.do={book}&p0.lo=p.{page}&p0.vi={version},book_one,20,semidip|modern
/edition/?p0.do={book}&p0.lo=p.{page}&p0.vi={version},book_one,116,semidip|modern
/edition/?p0.do={book}&p0.lo=p.{page}&p0.vi={version},book_one,281,semidip|modern
/edition/?p0.do={book}&p0.lo=p.{page}&p0.vi={version},book_two,5,semidip|modern
/edition/?p0.do={book}&p0.lo=p.{page}&p0.vi={version},book_two,7,semidip|modern
/edition/?p0.do={book}&p0.lo=p.{page}&p0.vi={version},book_two,36,semidip|modern
/edition/?p0.do={book}&p0.lo=p.{page}&p0.vi={version},book_two,49,semidip|modern
/edition/?p0.do={book}&p0.lo=p.{page}&p0.vi={version},book_two,81,semidip|modern
/edition/?p0.do={book}&p0.lo=p.{page}&p0.vi={version},book_two,284,semidip|modern
/edition/?p0.do={book}&p0.lo=p.{page}&p0.vi={version},book_three,25,semidip|modern
/edition/?p0.do={book}&p0.lo=p.{page}&p0.vi={version},book_three,116,semidip|modern
/edition/?p0.do={book}&p0.lo=p.{page}&p0.vi={version},book_three,168,semidip|modern
/edition/?p0.do={book}&p0.lo=p.{page}&p0.vi={version},book_three,189,semidip|modern
/edition/?p0.do={book}&p0.lo=p.{page}&p0.vi={version},book_three,190,semidip|modern
